{"minPriceIndex": "2024-01-29", "minPrice": 28896.291758195166, "forecastedPrices": [29045.87773507924, 28896.291758195166, 29100.440457538116, 28908.69441320493, 29067.12843212637, 28995.25081068621, 28985.820166936555]}